{"cameraMode":{"drawMode":0,"name":"Shaded","section":"Shading Mode"},"sceneLighting":false,"audioPlay":false,"sceneViewState":{"m_AlwaysRefresh":false,"showFog":true,"showSkybox":false,"showFlares":true,"showImageEffects":true,"showParticleSystems":true,"showVisualEffectGraphs":true,"m_FxEnabled":false},"in2DMode":false,"pivot":{"x":-0.28188031911849978,"y":1.3002961874008179,"z":4.880765914916992},"rotation":{"x":0.037775080651044849,"y":0.9622490406036377,"z":-0.19186167418956757,"w":0.18940399587154389},"size":1.93059504032135,"orthographic":false}