{"cameraMode":{"drawMode":0,"name":"Shaded","section":"Shading Mode"},"sceneLighting":false,"audioPlay":false,"sceneViewState":{"m_AlwaysRefresh":false,"showFog":true,"showSkybox":false,"showFlares":true,"showImageEffects":true,"showParticleSystems":true,"showVisualEffectGraphs":true,"m_FxEnabled":false},"in2DMode":false,"pivot":{"x":-0.00010386109352111816,"y":0.25033947825431826,"z":-0.009804859757423401},"rotation":{"x":-0.012106643989682198,"y":0.9878929257392883,"z":-0.10891828685998917,"w":-0.10980769991874695},"size":0.42728543281555178,"orthographic":false}