{"cameraMode":{"drawMode":0,"name":"Shaded","section":"Shading Mode"},"sceneLighting":false,"audioPlay":false,"sceneViewState":{"m_AlwaysRefresh":false,"showFog":true,"showSkybox":false,"showFlares":true,"showImageEffects":true,"showParticleSystems":true,"showVisualEffectGraphs":true,"m_FxEnabled":false},"in2DMode":false,"pivot":{"x":0.2677026689052582,"y":-0.9038598537445068,"z":-3.54738712310791},"rotation":{"x":-0.00653716828674078,"y":-0.9340648651123047,"z":0.35672301054000857,"w":-0.017047995701432229},"size":12.423067092895508,"orthographic":false}